{"train/grad_norm":9.64118813276291,"_timestamp":1.7649415133434262e+09,"train/lr":1.0000000000000021e-05,"train/dataloading_s":0.010002386569976807,"train/l1_loss":0.058594007045030594,"train/samples":160000,"train/steps":20000,"train/update_s":0.045505560641177,"train/loss":0.07134698355570436,"_step":20000,"train/epochs":37.06277507528376,"_runtime":1273.046553043,"train/episodes":370.62775075283764,"_wandb":{"runtime":1273},"train/kld_loss":0.0011386871337890625}